{"cameraMode":{"drawMode":0,"name":"Shaded","section":"Shading Mode"},"sceneLighting":true,"audioPlay":false,"sceneViewState":{"showFog":true,"showMaterialUpdate":false,"showSkybox":true,"showFlares":true,"showImageEffects":true,"showParticleSystems":true},"in2DMode":false,"pivot":{"x":-0.3509468734264374,"y":-1.1819896697998047,"z":-1.3475022315979005},"rotation":{"x":0.45985108613967898,"y":-0.015978168696165086,"z":0.00828311312943697,"w":0.887841522693634},"size":4.3282246589660648,"orthographic":false}